<?xml version="1.0" encoding="UTF-8"?>
<!DOCTYPE mapper
  PUBLIC "-//mybatis.org//DTD Mapper 3.0//EN"
  "http://mybatis.org/dtd/mybatis-3-mapper.dtd">
<mapper namespace="com.kubg.mappers.adminMapper">


	<select id="category" resultType="com.kubg.domain.CategoryVO">
		select
		level, cateName, cateCode, cateCodeRef
		from goods_category
		start with cateCodeRef is null connect by prior cateCode = cateCodeRef
	</select>


	<insert id="register">
		insert into tbl_goods (gdsNum, gdsName, cateCode,
		gdsPrice, gdsStock, gdsDes,
		gdsImg, gdsThumbImg)
		values (tbl_goods_seq.nextval, #{gdsName}, #{cateCode}, #{gdsPrice},
		#{gdsStock}, #{gdsDes},
		#{gdsImg}, #{gdsThumbImg})
	</insert>


	<select id="goodslist" resultType="com.kubg.domain.GoodsViewVO">
		select
		g.gdsNum, g.gdsName, g.cateCode, c.cateCodeRef, c.cateName, gdsPrice, gdsStock,
		gdsDes, gdsImg, gdsDate,
		g.gdsImg, g.gdsThumbImg
		from tbl_goods g
		inner join goods_category c
		on g.cateCode = c.cateCode
	</select>



	<select id="goodsView" resultType="com.kubg.domain.GoodsViewVO">
		select
		g.gdsNum, g.gdsName, g.cateCode, c.cateCodeRef, c.cateName, gdsPrice, gdsStock,
		gdsDes, gdsImg, gdsDate,
		g.gdsImg, g.gdsThumbImg
		from tbl_goods g
		inner join goods_category c
		on g.cateCode = c.cateCode
		where g.gdsNum = #{gdsNum}
	</select>

	<update id="goodsModify">
		update tbl_goods
		set
		gdsName = #{gdsName},
		cateCode = #{cateCode},
		gdsPrice = #{gdsPrice},
		gdsStock = #{gdsStock},
		gdsDes = #{gdsDes},

		gdsImg = #{gdsImg},
		gdsThumbImg = #{gdsThumbImg}

		where gdsNum = ${gdsNum}
	</update>

	
	<delete id="goodsDelete">
		delete
		tbl_goods
		where gdsNum = #{gdsNum}
	</delete>

	<select id="orderList" resultType="com.kubg.domain.OrderVO">
		select
		orderId, userId, orderRec,
		userAddr1, userAddr2, userAddr3,
		orderPhon, amount, orderDate, delivery
		from tbl_order
	</select>


	<select id="orderView" resultType="com.kubg.domain.OrderListVO">
		select
		o.orderId, o.userId, o.orderRec,
		o.userAddr1, o.userAddr2, o.userAddr3,
		o.orderPhon, o.amount, o.orderDate, o.delivery,
		d.orderDetailsNum, d.gdsNum, d.cartStock,
		g.gdsName, g.gdsThumbImg, g.gdsPrice
		from tbl_order o
		inner join tbl_order_details d
		on o.orderId = d.orderId
		inner join tbl_goods g
		on d.gdsNum = g.gdsNum
		where o.orderId = #{orderId}
	</select>

	<update id="delivery">
		update tbl_order
		set delivery = #{delivery}
		where orderId = #{orderId}
	</update>


	<update id="changeStock">
		update tbl_goods
		set gdsStock = gdsStock - #{gdsStock}
		where gdsNum = #{gdsNum}
	</update>


	<select id="ChangeStock_sub"
		resultType="com.kubg.domain.OrderDetailVO">
		select
		orderId, gdsNum, cartStock
		from tbl_order_details
		where orderId = #{orderId}
	</select>

	<select id="allReply" resultType="com.kubg.domain.ReplyListVO">
		select
		r.gdsNum, r.userId, r.repNum, r.repCon, r.repDate,
		m.userName
		from tbl_reply r
		inner join tbl_member m
		on r.userId = m.userId
	</select>

	<delete id="deleteReply">
		delete tbl_reply
		where repNum = #{repNum}
	</delete>


</mapper>


